{
  "FP32": {
    "precision": "FP32",
    "framework": "TensorRT",
    "load_time": 0.11848282814025879,
    "inference_times": [
      0.18998122215270996,
      0.012117385864257812,
      0.011695623397827148,
      0.011537551879882812,
      0.011835813522338867
    ],
    "mean_time": 0.04743351936340332,
    "std_time": 0.07968687345888473,
    "samples_per_second": 2108.213797797041,
    "accuracy": 0.1,
    "num_batches": 4,
    "batch_size": 32
  },
  "FP16": {
    "precision": "FP16",
    "framework": "TensorRT",
    "load_time": 0.034096717834472656,
    "inference_times": [
      0.0053424835205078125,
      0.005197048187255859,
      0.004777193069458008,
      0.004822254180908203,
      0.0048313140869140625
    ],
    "mean_time": 0.004994058609008789,
    "std_time": 0.000257700354608549,
    "samples_per_second": 20023.793837663394,
    "accuracy": 0.1,
    "num_batches": 4,
    "batch_size": 32
  },
  "INT8": {
    "precision": "INT8",
    "framework": "TensorRT",
    "load_time": 0.013942718505859375,
    "inference_times": [
      0.003674745559692383,
      0.0032777786254882812,
      0.003005504608154297,
      0.003086090087890625,
      0.003018617630004883
    ],
    "mean_time": 0.0032125473022460937,
    "std_time": 0.00028033425438805666,
    "samples_per_second": 31127.946327851332,
    "accuracy": 0.1,
    "num_batches": 4,
    "batch_size": 32
  }
}